Filename,MD5 Hash
amd - Copy.ps1,861738dd15eb7fb50568f0e39a69e107
ipscan.ps1,9f60dd752e7692a2f5c758de4eab3e6f
Run1.ps1,09bc47d7bc5e40d40d9729cec5e39d73
CheckVuln.bat,f5ef5142f044b94ac5010fd883c09aa7
Create-share-RunAsAdmin.bat,84e3b5fe3863d25bb72e25b10760e861
LPE-Exploit-RunAsUser.bat,9f2309285e8a8471fce7330fcade8619
RCE-Exploit-RunAsUser.bat,6c6c46bdac6713c94debbd454d34efd9
est.bat,e7ee8ea6fb7530d1d904cdb2d9745899
runav.bat,815bb1b0c5f0f35f064c55a1b640fca5
http_x64.exe,6c2874169fdfb30846fe7ffe34635bdb
spider.dll,20855475d20d252dda21287264a6d860
spider_32.dll,82db4c04f5dcda3bfcd75357adf98228
powershell.dll,fcf3a6eeb9f836315954dae03459716d
rpcdump.exe,91625f7f5d590534949ebe08cc728380
